konu,govde,gonderen
Siparişim ne zaman gelir,"Merhaba, dün 3 adet çorap siparişi verdim ama kargo bilgisi gelmedi. Adresi değiştirmek istiyorum, mümkün mü?",ayse@ornek.test
Fatura gerekli,Selam 4471 nolu siparişim için şirket adına fatura keser misiniz? Vergi numaram ektedir.,muhasebe@ornek-firma.test
Ürün kırık geldi,"Aldığım cam vazo kırık geldi, kutu ezilmişti. Çok mağdur oldum, hemen iade istiyorum.",mehmet@ornek.test
Kargo ücreti ne kadar,Merhaba İzmir'e kargo ücreti nedir ve kaç günde ulaşır? Bu ürün stokta var mı?,can@ornek.test
Sözleşme ekte,"Merhaba, imzalı sözleşme ekte gönderilmiştir. [Ek: sozlesme_imzali.pdf]",tedarik@ornek-firma.test
Kargonuz dağıtıma çıktı,Yıldırım Kargo Takip No: YK99881 Kargonuz dağıtıma çıkmıştır. Bu e-postaya yanıt vermeyiniz.,noreply@kargo.test
SON 24 SAAT %70 İNDİRİM!!!,"Kaçırmayın! Size özel kampanya, hemen tıklayın hxxp://firsat[.]test",spam@ornek.test
Merhaba,Bakar mısınız,bilinmeyen@ornek.test
Ödeme yaptım ama görünmüyor,Havale ile ödeme yaptım dekont ektedir. Ödemem hesabınıza geçti mi?,zeynep@ornek.test
Yanlış ürün gönderilmiş,"Mavi tişört istemiştim, kırmızı gelmiş. Bu üçüncü kez yaşıyorum, kabul edilemez.",ali@ornek.test
Toptan alım,"Merhaba, 200 adet telefon kılıfı toplu almak istiyoruz, teklif verebilir misiniz?",toptan@ornek-firma.test
Mağaza ekibi için SEO hizmeti,Merhaba e-ticaret satıcılarına özel SEO ve reklam ajansı hizmeti sunuyoruz. Ücretsiz deneme için dönün.,ajans@ornek.test
Beden sorusu,M beden kaç kilo için uygun? Yıkamada çeker mi merak ediyorum.,elif@ornek.test
Yeni sipariş: #4432,Sipariş Özeti | Ürün | Adet | 2 | Bu mesaj otomatik olarak gönderilmiştir.,bildirim@pazaryeri.test
İade parası yatmadı,"Siparişi iptal ettim, iki haftadır kartıma iade yapılmadı. Bankaya sordum, bize gelmedi dediler.",veli@ornek.test
Ofis dışındayım,Şu anda ofis dışındayım. 5 Ekim'de döneceğim. Otomatik yanıt.,kisi@ornek.test
